Workbook

Sheet GAPDH
C1: Cp1 | D1: Cp2 | E1: Cp3 | F1: AVCp
A2: Control | B2: C1 | C2: 19.88175 | D2: 20.020865 | E2: 19.737724 | F2: =AVERAGE(C2:E2) -> 19.880113
B3: C2 | C3: 19.10645 | D3: 18.946167 | E3: 18.617432 | F3: =AVERAGE(C3:E3) -> 18.890016
B4: C3 | C4: 21.278328 | D4: 20.99351 | E4: 20.584263 | F4: =AVERAGE(C4:E4) -> 20.952034
B5: C4 | D5: 20.843885 | E5: 19.696204 | F5: =AVERAGE(C5:E5) -> 20.270044
B6: C5 | D6: 20.879237 | E6: 20.629815 | F6: =AVERAGE(C6:E6) -> 20.754526
B7: C6 | C7: 20.008981 | D7: 20.108911 | E7: 20.318339 | F7: =AVERAGE(C7:E7) -> 20.14541
A8: LPS | B8: C1 | C8: 18.450714 | D8: 18.658177 | E8: 18.828611 | F8: =AVERAGE(C8:E8) -> 18.645834
B9: C2 | C9: 20.15907 | D9: 20.004749 | F9: =AVERAGE(C9:E9) -> 20.08191
B10: C3 | C10: 20.82208 | D10: 20.751392 | F10: =AVERAGE(C10:E10) -> 20.786736
B11: C4 | C11: 20.458432 | D11: 20.203519 | E11: 19.519635 | F11: =AVERAGE(C11:E11) -> 20.060529
B12: C5 | C12: 21.48906 | D12: 21.302709 | E12: 20.925005 | F12: =AVERAGE(C12:E12) -> 21.238925
B13: C7 | D13: 20.499555 | E13: 20.385451 | F13: =AVERAGE(C13:E13) -> 20.442503
A14: DEXA | B14: C1 | C14: 33.318588 | D14: 32.17554 | E14: 35.612819 | F14: =AVERAGE(C14:E14) -> 33.702316
B15: C2 | C15: 23.040423 | D15: 22.999893 | E15: 21.524681 | F15: =AVERAGE(C15:E15) -> 22.521666
B16: C3 | C16: 20.964274 | D16: 20.840899 | E16: 20.548826 | F16: =AVERAGE(C16:E16) -> 20.784666
B17: C4 | C17: 21.64246 | D17: 21.765171 | E17: 21.38366 | F17: =AVERAGE(C17:E17) -> 21.597097
B18: C6 | C18: 36.938134 | D18: 36.721398 | E18: 34.3298 | F18: =AVERAGE(C18:E18) -> 35.996444
A19: MCC950 | B19: C1 | C19: 19.015183 | D19: 18.705801 | E19: 18.955049 | F19: =AVERAGE(C19:E19) -> 18.892011
B20: C2 | D20: 20.625142 | E20: 20.503242 | F20: =AVERAGE(C20:E20) -> 20.564192
B21: C3 | C21: 21.324972 | D21: 21.13236 | F21: =AVERAGE(C21:E21) -> 21.228666
B22: C5 | C22: 22.454424 | D22: 21.888043 | E22: 20.911302 | F22: =AVERAGE(C22:E22) -> 21.751257
B23: C6 | C23: 21.400798 | D23: 21.13223 | E23: 21.150964 | F23: =AVERAGE(C23:E23) -> 21.227997
B24: C7 | C24: 21.418787 | D24: 20.999713 | E24: 20.899908 | F24: =AVERAGE(C24:E24) -> 21.106136
A25: TDV19 | B25: C1 | C25: 19.297305 | D25: 19.196066 | E25: 19.158374 | F25: =AVERAGE(C25:E25) -> 19.217248
B26: C2 | C26: 19.598887 | D26: 19.201015 | E26: 19.116829 | F26: =AVERAGE(C26:E26) -> 19.305577
B27: C3 | C27: 20.716759 | D27: 20.178121 | E27: 20.08829 | F27: =AVERAGE(C27:E27) -> 20.327723
B28: C4 | C28: 22.97425 | E28: 22.871764 | F28: =AVERAGE(C28:E28) -> 22.923007
B29: C5 | C29: 22.973059 | D29: 22.318701 | E29: 22.133314 | F29: =AVERAGE(C29:E29) -> 22.475025
B30: C6 | C30: 21.009694 | D30: 21.327356 | E30: 21.085202 | F30: =AVERAGE(C30:E30) -> 21.140751
B31: C7 | C31: 20.407784 | D31: 20.248917 | E31: 20.374626 | F31: =AVERAGE(C31:E31) -> 20.343776
B32: C8 | C32: 20.979449 | D32: 20.42522 | E32: 20.483644 | F32: =AVERAGE(C32:E32) -> 20.629438
A33: IL-4/IL_13 | B33: C1 | C33: 18.9577 | D33: 18.942203 | E33: 18.30892 | F33: =AVERAGE(C33:E33) -> 18.736275
B34: C2 | C34: 21.231625 | D34: 21.215383 | F34: =AVERAGE(C34:E34) -> 21.223504
B35: C3 | D35: 20.259496 | E35: 20.053837 | F35: =AVERAGE(C35:E35) -> 20.156666
B36: C4 | C36: 22.052475 | D36: 19.879904 | E36: 20.243868 | F36: =AVERAGE(C36:E36) -> 20.725416
B37: C6 | C37: 22.236535 | D37: 22.348979 | E37: 22.186609 | F37: =AVERAGE(C37:E37) -> 22.257374
B38: C7 | D38: 20.34993 | E38: 20.493451 | F38: =AVERAGE(C38:E38) -> 20.421691

Sheet IL-1b
C1: Cp1 | D1: Cp2 | E1: Cp3 | F1: AVCp | G1: AVCp Housekeeping | H1: ∆Cq | I1: ∆∆Cq | J1: 2^(∆∆Cq) | K1: Fold change
A2: Control | B2: C1 | C2: 24.31013 | D2: 23.133775 | E2: 22.569128 | F2: =AVERAGE(C2:E2) -> 23.337677 | G2: =GAPDH!F2 -> 19.880113 | H2: =(F2-G2) -> 3.4575644 | I2: =(H2-$H$42) -> -0.23389903 | J2: =POWER(2,-I2) -> 1.1760089 | K2: =(J2/$J$42) -> 1.0619702
B3: C2 | C3: 24.453676 | D3: 23.352024 | E3: 22.788628 | F3: =AVERAGE(C3:E3) -> 23.531443 | G3: =GAPDH!F3 -> 18.890016 | H3: =(F3-G3) -> 4.641427 | I3: =(H3-$H$42) -> 0.94996353 | J3: =POWER(2,-I3) -> 0.51764555 | K3: =(J3/$J$42) -> 0.46744896
B4: C3 | C4: 25.958775 | D4: 25.270081 | F4: =AVERAGE(C4:E4) -> 25.614428 | G4: =GAPDH!F4 -> 20.952034 | H4: =(F4-G4) -> 4.6623943 | I4: =(H4-$H$42) -> 0.9709309 | J4: =POWER(2,-I4) -> 0.51017677 | K4: =(J4/$J$42) -> 0.46070443
B5: C4 | C5: 23.893289 | D5: 23.363423 | E5: 23.347389 | F5: =AVERAGE(C5:E5) -> 23.5347 | G5: =GAPDH!F5 -> 20.270044 | H5: =(F5-G5) -> 3.2646558 | I5: =(H5-$H$42) -> -0.42680764 | J5: =POWER(2,-I5) -> 1.3442557 | K5: =(J5/$J$42) -> 1.213902
B6: C5 | D6: 23.67202 | E6: 23.890727 | F6: =AVERAGE(C6:E6) -> 23.781374 | G6: =GAPDH!F6 -> 20.754526 | H6: =(F6-G6) -> 3.0268478 | I6: =(H6-$H$42) -> -0.66461563 | J6: =POWER(2,-I6) -> 1.5851459 | K6: =(J6/$J$42) -> 1.4314328
B7: C6 | C7: 24.006482 | D7: 23.098812 | E7: 22.618611 | F7: =AVERAGE(C7:E7) -> 23.241302 | G7: =GAPDH!F7 -> 20.14541 | H7: =(F7-G7) -> 3.0958913 | I7: =(H7-$H$42) -> -0.59557213 | J7: =POWER(2,-I7) -> 1.5110717 | K7: =(J7/$J$42) -> 1.3645416
A8: LPS | B8: C1 | C8: 17.143113 | D8: 16.576638 | E8: 15.891432 | F8: =AVERAGE(C8:E8) -> 16.537061 | G8: =GAPDH!F8 -> 18.645834 | H8: =(F8-G8) -> -2.1087734 | I8: =(H8-$H$42) -> -5.8002368 | J8: =POWER(2,-I8) -> 55.724382 | K8: =(J8/$J$42) -> 50.320735
B9: C2 | C9: 18.03573 | D9: 17.483566 | E9: 16.458052 | F9: =AVERAGE(C9:E9) -> 17.325783 | G9: =GAPDH!F9 -> 20.08191 | H9: =(F9-G9) -> -2.7561272 | I9: =(H9-$H$42) -> -6.4475907 | J9: =POWER(2,-I9) -> 87.280693 | K9: =(J9/$J$42) -> 78.817001
B10: C3 | D10: 17.666748 | E10: 17.076824 | F10: =AVERAGE(C10:E10) -> 17.371786 | G10: =GAPDH!F10 -> 20.786736 | H10: =(F10-G10) -> -3.4149499 | I10: =(H10-$H$42) -> -7.1064133 | J10: =POWER(2,-I10) -> 137.79821 | K10: =(J10/$J$42) -> 124.43578
B11: C4 | C11: 19.141151 | D11: 18.019941 | E11: 17.464493 | F11: =AVERAGE(C11:E11) -> 18.208528 | G11: =GAPDH!F11 -> 20.060529 | H11: =(F11-G11) -> -1.8520004 | I11: =(H11-$H$42) -> -5.5434638 | J11: =POWER(2,-I11) -> 46.638964 | K11: =(J11/$J$42) -> 42.116338
B12: C5 | D12: 17.804284 | E12: 16.997902 | F12: =AVERAGE(C12:E12) -> 17.401093 | G12: =GAPDH!F12 -> 21.238925 | H12: =(F12-G12) -> -3.8378317 | I12: =(H12-$H$42) -> -7.5292951 | J12: =POWER(2,-I12) -> 184.73265 | K12: =(J12/$J$42) -> 166.81895
B13: C7 | C13: 18.30443 | D13: 17.218842 | E13: 15.488654 | F13: =AVERAGE(C13:E13) -> 17.003976 | G13: =GAPDH!F13 -> 20.442503 | H13: =(F13-G13) -> -3.4385271 | I13: =(H13-$H$42) -> -7.1299906 | J13: =POWER(2,-I13) -> 140.06868 | K13: =(J13/$J$42) -> 126.48608
A14: DEXA | B14: C1 | C14: 24.246166 | D14: 24.244845 | F14: =AVERAGE(C14:E14) -> 24.245505 | G14: =GAPDH!F14 -> 33.702316 | H14: =(F14-G14) -> -9.4568101 | I14: =(H14-$H$42) -> -13.148274 | J14: =POWER(2,-I14) -> 9078.7222 | K14: =(J14/$J$42) -> 8198.3498
B15: C2 | C15: 21.320222 | D15: 19.741156 | E15: 19.39048 | F15: =AVERAGE(C15:E15) -> 20.150619 | G15: =GAPDH!F15 -> 22.521666 | H15: =(F15-G15) -> -2.3710468 | I15: =(H15-$H$42) -> -6.0625102 | J15: =POWER(2,-I15) -> 66.833995 | K15: =(J15/$J$42) -> 60.353038
B16: C3 | C16: 21.602133 | D16: 21.158751 | F16: =AVERAGE(C16:E16) -> 21.380442 | G16: =GAPDH!F16 -> 20.784666 | H16: =(F16-G16) -> 0.59577541 | I16: =(H16-$H$42) -> -3.095688 | J16: =POWER(2,-I16) -> 8.5485991 | K16: =(J16/$J$42) -> 7.7196332
B17: C4 | C17: 21.427624 | D17: 20.380822 | E17: 19.770753 | F17: =AVERAGE(C17:E17) -> 20.5264 | G17: =GAPDH!F17 -> 21.597097 | H17: =(F17-G17) -> -1.0706969 | I17: =(H17-$H$42) -> -4.7621603 | J17: =POWER(2,-I17) -> 27.136455 | K17: =(J17/$J$42) -> 24.505007
B18: C6 | D18: 26.97982 | E18: 26.273743 | F18: =AVERAGE(C18:E18) -> 26.626782 | G18: =GAPDH!F18 -> 35.996444 | H18: =(F18-G18) -> -9.369662 | I18: =(H18-$H$42) -> -13.061125 | J18: =POWER(2,-I18) -> 8546.544 | K18: =(J18/$J$42) -> 7717.7774
A19: MCC950 | B19: C1 | C19: 16.558427 | D19: 16.09046 | E19: 16.056806 | F19: =AVERAGE(C19:E19) -> 16.235231 | G19: =GAPDH!F19 -> 18.892011 | H19: =(F19-G19) -> -2.6567798 | I19: =(H19-$H$42) -> -6.3482432 | J19: =POWER(2,-I19) -> 81.472611 | K19: =(J19/$J$42) -> 73.572133
B20: C2 | C20: 18.057762 | D20: 17.193736 | E20: 16.889133 | F20: =AVERAGE(C20:E20) -> 17.38021 | G20: =GAPDH!F20 -> 20.564192 | H20: =(F20-G20) -> -3.1839815 | I20: =(H20-$H$42) -> -6.8754449 | J20: =POWER(2,-I20) -> 117.41272 | K20: =(J20/$J$42) -> 106.0271
B21: C3 | C21: 18.581083 | D21: 17.726127 | E21: 16.860447 | F21: =AVERAGE(C21:E21) -> 17.722552 | G21: =GAPDH!F21 -> 21.228666 | H21: =(F21-G21) -> -3.5061134 | I21: =(H21-$H$42) -> -7.1975768 | J21: =POWER(2,-I21) -> 146.78664 | K21: =(J21/$J$42) -> 132.5526
B22: C5 | C22: 19.047065 | D22: 18.721774 | F22: =AVERAGE(C22:E22) -> 18.88442 | G22: =GAPDH!F22 -> 21.751257 | H22: =(F22-G22) -> -2.8668367 | I22: =(H22-$H$42) -> -6.5583001 | J22: =POWER(2,-I22) -> 94.242121 | K22: =(J22/$J$42) -> 85.103372
B23: C6 | C23: 18.273069 | D23: 17.866607 | E23: 17.16103 | F23: =AVERAGE(C23:E23) -> 17.766902 | G23: =GAPDH!F23 -> 21.227997 | H23: =(F23-G23) -> -3.4610954 | I23: =(H23-$H$42) -> -7.1525588 | J23: =POWER(2,-I23) -> 142.27702 | K23: =(J23/$J$42) -> 128.48028
B24: C7 | D24: 17.119089 | E24: 17.090178 | F24: =AVERAGE(C24:E24) -> 17.104634 | G24: =GAPDH!F24 -> 21.106136 | H24: =(F24-G24) -> -4.0015023 | I24: =(H24-$H$42) -> -7.6929657 | J24: =POWER(2,-I24) -> 206.92522 | K24: =(J24/$J$42) -> 186.85948
A25: TDV19 | B25: C1 | D25: 16.908227 | E25: 16.945669 | F25: =AVERAGE(C25:E25) -> 16.926948 | G25: =GAPDH!F25 -> 19.217248 | H25: =(F25-G25) -> -2.2903005 | I25: =(H25-$H$42) -> -5.9817639 | J25: =POWER(2,-I25) -> 63.196113 | K25: =(J25/$J$42) -> 57.067925
B26: C2 | D26: 17.152723 | E26: 16.915776 | F26: =AVERAGE(C26:E26) -> 17.034249 | G26: =GAPDH!F26 -> 19.305577 | H26: =(F26-G26) -> -2.2713276 | I26: =(H26-$H$42) -> -5.962791 | J26: =POWER(2,-I26) -> 62.370462 | K26: =(J26/$J$42) -> 56.322339
B27: C3 | D27: 17.488518 | E27: 17.080458 | F27: =AVERAGE(C27:E27) -> 17.284488 | G27: =GAPDH!F27 -> 20.327723 | H27: =(F27-G27) -> -3.0432352 | I27: =(H27-$H$42) -> -6.7346986 | J27: =POWER(2,-I27) -> 106.49918 | K27: =(J27/$J$42) -> 96.171856
B28: C4 | D28: 19.664811 | E28: 19.261378 | F28: =AVERAGE(C28:E28) -> 19.463095 | G28: =GAPDH!F28 -> 22.923007 | H28: =(F28-G28) -> -3.4599123 | I28: =(H28-$H$42) -> -7.1513757 | J28: =POWER(2,-I28) -> 142.16039 | K28: =(J28/$J$42) -> 128.37496
B29: C5 | C29: 20.972921 | D29: 20.416878 | E29: 19.387711 | F29: =AVERAGE(C29:E29) -> 20.25917 | G29: =GAPDH!F29 -> 22.475025 | H29: =(F29-G29) -> -2.2158548 | I29: =(H29-$H$42) -> -5.9073182 | J29: =POWER(2,-I29) -> 60.017786 | K29: =(J29/$J$42) -> 54.197803
B30: C6 | C30: 17.519003 | D30: 17.014978 | E30: 16.554457 | F30: =AVERAGE(C30:E30) -> 17.029479 | G30: =GAPDH!F30 -> 21.140751 | H30: =(F30-G30) -> -4.1112717 | I30: =(H30-$H$42) -> -7.8027352 | J30: =POWER(2,-I30) -> 223.28386 | K30: =(J30/$J$42) -> 201.63181
B31: C7 | C31: 17.471847 | D31: 17.107391 | E31: 16.713196 | F31: =AVERAGE(C31:E31) -> 17.097478 | G31: =GAPDH!F31 -> 20.343776 | H31: =(F31-G31) -> -3.2462975 | I31: =(H31-$H$42) -> -6.9377609 | J31: =POWER(2,-I31) -> 122.59539 | K31: =(J31/$J$42) -> 110.7072
A32: IL-4/IL_13 | B32: C1 | C32: 25.730597 | D32: 24.325415 | E32: 23.27766 | F32: =AVERAGE(C32:E32) -> 24.444557 | G32: =GAPDH!F33 -> 18.736275 | H32: =(F32-G32) -> 5.7082826 | I32: =(H32-$H$42) -> 2.0168192 | J32: =POWER(2,-I32) -> 0.24710239 | K32: =(J32/$J$42) -> 0.22314063
B33: C2 | C33: 24.751313 | D33: 25.331049 | E33: 24.451942 | F33: =AVERAGE(C33:E33) -> 24.844768 | G33: =GAPDH!F34 -> 21.223504 | H33: =(F33-G33) -> 3.621264 | I33: =(H33-$H$42) -> -0.070199394 | J33: =POWER(2,-I33) -> 1.0498618 | K33: =(J33/$J$42) -> 0.94805567
B34: C3 | C34: 27.518862 | D34: 25.959935 | E34: 25.443921 | F34: =AVERAGE(C34:E34) -> 26.307573 | G34: =GAPDH!F35 -> 20.156666 | H34: =(F34-G34) -> 6.1509063 | I34: =(H34-$H$42) -> 2.4594429 | J34: =POWER(2,-I34) -> 0.18181676 | K34: =(J34/$J$42) -> 0.16418581
B35: C4 | C35: 19.55697 | D35: 19.092783 | E35: 18.473836 | F35: =AVERAGE(C35:E35) -> 19.041196 | G35: =GAPDH!F36 -> 20.725416 | H35: =(F35-G35) -> -1.6842195 | I35: =(H35-$H$42) -> -5.3756829 | J35: =POWER(2,-I35) -> 41.518514 | K35: =(J35/$J$42) -> 37.492424
B36: C6 | C36: 19.859986 | D36: 19.216469 | E36: 18.537261 | F36: =AVERAGE(C36:E36) -> 19.204572 | G36: =GAPDH!F37 -> 22.257374 | H36: =(F36-G36) -> -3.0528022 | I36: =(H36-$H$42) -> -6.7442657 | J36: =POWER(2,-I36) -> 107.20777 | K36: =(J36/$J$42) -> 96.811729
B37: C7 | C37: 24.24268 | D37: 24.222973 | F37: =AVERAGE(C37:E37) -> 24.232826 | G37: =GAPDH!F38 -> 20.421691 | H37: =(F37-G37) -> 3.8111356 | I37: =(H37-$H$42) -> 0.11967217 | J37: =POWER(2,-I37) -> 0.92039677 | K37: =(J37/$J$42) -> 0.83114501
G42: AV ∆Cq Control | H42: =AVERAGE(H2:H7) -> 3.6914634 | I42: AV 2^(∆∆Cq) Control | J42: =AVERAGE(J2:J7) -> 1.1073841

Sheet NFKB
C1: Cp1 | D1: Cp2 | E1: Cp3 | F1: AVCp | G1: AVCp Housekeeping | H1: ∆Cq | I1: ∆∆Cq | J1: 2^(∆∆Cq) | K1: Fold change
A2: Control | B2: C1 | C2: 26.252179 | D2: 25.43081 | E2: 24.62557 | F2: =AVERAGE(C2:E2) -> 25.436187 | G2: =GAPDH!F2 -> 19.880113 | H2: =(F2-G2) -> 5.5560736 | I2: =(H2-$H$43) -> 1.1644619 | J2: =POWER(2,-I2) -> 0.44613062 | K2: =(J2/$J$43) -> 0.33766379
B3: C2 | C3: 25.233742 | D3: 25.291212 | F3: =AVERAGE(C3:E3) -> 25.262477 | G3: =GAPDH!F3 -> 18.890016 | H3: =(F3-G3) -> 6.3724608 | I3: =(H3-$H$43) -> 1.9808492 | J3: =POWER(2,-I3) -> 0.25334071 | K3: =(J3/$J$43) -> 0.1917465
B4: C3 | C4: 25.348858 | D4: 25.075074 | F4: =AVERAGE(C4:E4) -> 25.211966 | G4: =GAPDH!F4 -> 20.952034 | H4: =(F4-G4) -> 4.2599317 | I4: =(H4-$H$43) -> -0.13167993 | J4: =POWER(2,-I4) -> 1.0955687 | K4: =(J4/$J$43) -> 0.82920531
B5: C4 | C5: 23.862125 | D5: 24.108535 | E5: 22.912348 | F5: =AVERAGE(C5:E5) -> 23.627669 | G5: =GAPDH!F5 -> 20.270044 | H5: =(F5-G5) -> 3.3576248 | I5: =(H5-$H$43) -> -1.0339868 | J5: =POWER(2,-I5) -> 2.0476751 | K5: =(J5/$J$43) -> 1.549828
B6: C5 | D6: 23.844432 | E6: 23.782248 | F6: =AVERAGE(C6:E6) -> 23.81334 | G6: =GAPDH!F6 -> 20.754526 | H6: =(F6-G6) -> 3.0588143 | I6: =(H6-$H$43) -> -1.3327973 | J6: =POWER(2,-I6) -> 2.518906 | K6: =(J6/$J$43) -> 1.9064896
B7: C6 | C7: 24.411388 | D7: 24.035588 | E7: 23.223549 | F7: =AVERAGE(C7:E7) -> 23.890175 | G7: =GAPDH!F7 -> 20.14541 | H7: =(F7-G7) -> 3.7447646 | I7: =(H7-$H$43) -> -0.64684704 | J7: =POWER(2,-I7) -> 1.5657426 | K7: =(J7/$J$43) -> 1.1850668
A8: LPS | B8: C1 | C8: 22.880665 | D8: 22.831305 | E8: 22.244884 | F8: =AVERAGE(C8:E8) -> 22.652285 | G8: =GAPDH!F8 -> 18.645834 | H8: =(F8-G8) -> 4.0064504 | I8: =(H8-$H$43) -> -0.38516119 | J8: =POWER(2,-I8) -> 1.3060057 | K8: =(J8/$J$43) -> 0.9884792
B9: C2 | C9: 25.035441 | D9: 25.408726 | F9: =AVERAGE(C9:E9) -> 25.222083 | G9: =GAPDH!F9 -> 20.08191 | H9: =(F9-G9) -> 5.1401734 | I9: =(H9-$H$43) -> 0.74856182 | J9: =POWER(2,-I9) -> 0.5951966 | K9: =(J9/$J$43) -> 0.45048766
B10: C3 | C10: 24.246827 | D10: 25.859296 | E10: 23.220906 | F10: =AVERAGE(C10:E10) -> 24.442343 | G10: =GAPDH!F10 -> 20.786736 | H10: =(F10-G10) -> 3.6556073 | I10: =(H10-$H$43) -> -0.73600431 | J10: =POWER(2,-I10) -> 1.6655565 | K10: =(J10/$J$43) -> 1.2606132
B11: C4 | D11: 22.892832 | E11: 22.059995 | F11: =AVERAGE(C11:E11) -> 22.476414 | G11: =GAPDH!F11 -> 20.060529 | H11: =(F11-G11) -> 2.4158851 | I11: =(H11-$H$43) -> -1.9757265 | J11: =POWER(2,-I11) -> 3.9332626 | K11: =(J11/$J$43) -> 2.9769765
B12: C5 | C12: 22.530179 | D12: 22.114231 | E12: 21.658498 | F12: =AVERAGE(C12:E12) -> 22.100969 | G12: =GAPDH!F12 -> 21.238925 | H12: =(F12-G12) -> 0.86204461 | I12: =(H12-$H$43) -> -3.529567 | J12: =POWER(2,-I12) -> 11.547967 | K12: =(J12/$J$43) -> 8.7403336
B13: C7 | C13: 23.568019 | D13: 22.365977 | E13: 21.966586 | F13: =AVERAGE(C13:E13) -> 22.633527 | G13: =GAPDH!F13 -> 20.442503 | H13: =(F13-G13) -> 2.1910245 | I13: =(H13-$H$43) -> -2.2005872 | J13: =POWER(2,-I13) -> 4.5966639 | K13: =(J13/$J$43) -> 3.4790864
A14: DEXA | B14: C1 | C14: 30.792035 | D14: 30.510705 | F14: =AVERAGE(C14:E14) -> 30.65137 | G14: =GAPDH!F14 -> 33.702316 | H14: =(F14-G14) -> -3.0509458 | I14: =(H14-$H$43) -> -7.4425574 | J14: =POWER(2,-I14) -> 173.95344 | K14: =(J14/$J$43) -> 131.6605
B15: C2 | C15: 27.596446 | D15: 26.706801 | E15: 25.547795 | F15: =AVERAGE(C15:E15) -> 26.617014 | G15: =GAPDH!F15 -> 22.521666 | H15: =(F15-G15) -> 4.0953483 | I15: =(H15-$H$43) -> -0.29626336 | J15: =POWER(2,-I15) -> 1.2279598 | K15: =(J15/$J$43) -> 0.92940847
B16: C3 | C16: 26.053381 | D16: 25.613348 | E16: 24.401494 | F16: =AVERAGE(C16:E16) -> 25.356074 | G16: =GAPDH!F16 -> 20.784666 | H16: =(F16-G16) -> 4.5714078 | I16: =(H16-$H$43) -> 0.1797962 | J16: =POWER(2,-I16) -> 0.8828277 | K16: =(J16/$J$43) -> 0.66818761
B17: C4 | C17: 24.355357 | D17: 23.975557 | E17: 22.714319 | F17: =AVERAGE(C17:E17) -> 23.681744 | G17: =GAPDH!F17 -> 21.597097 | H17: =(F17-G17) -> 2.0846478 | I17: =(H17-$H$43) -> -2.3069638 | J17: =POWER(2,-I17) -> 4.9484059 | K17: =(J17/$J$43) -> 3.7453101
B18: C6 | C18: 37.006652 | D18: 36.055931 | F18: =AVERAGE(C18:E18) -> 36.531292 | G18: =GAPDH!F18 -> 35.996444 | H18: =(F18-G18) -> 0.53484773 | I18: =(H18-$H$43) -> -3.8567639 | J18: =POWER(2,-I18) -> 14.487773 | K18: =(J18/$J$43) -> 10.96539
A19: MCC950 | B19: C1 | C19: 23.073975 | D19: 22.364039 | E19: 22.057653 | F19: =AVERAGE(C19:E19) -> 22.498556 | G19: =GAPDH!F19 -> 18.892011 | H19: =(F19-G19) -> 3.6065447 | I19: =(H19-$H$43) -> -0.78506697 | J19: =POWER(2,-I19) -> 1.7231723 | K19: =(J19/$J$43) -> 1.304221
B20: C2 | C20: 24.323403 | D20: 23.454288 | E20: 22.63342 | F20: =AVERAGE(C20:E20) -> 23.470371 | G20: =GAPDH!F20 -> 20.564192 | H20: =(F20-G20) -> 2.9061787 | I20: =(H20-$H$43) -> -1.485433 | J20: =POWER(2,-I20) -> 2.8000119 | K20: =(J20/$J$43) -> 2.1192508
B21: C3 | D21: 23.697529 | E21: 23.368396 | F21: =AVERAGE(C21:E21) -> 23.532962 | G21: =GAPDH!F21 -> 21.228666 | H21: =(F21-G21) -> 2.3042965 | I21: =(H21-$H$43) -> -2.0873151 | J21: =POWER(2,-I21) -> 4.2495649 | K21: =(J21/$J$43) -> 3.2163769
B22: C5 | C22: 25.213362 | D22: 24.570537 | E22: 23.940386 | F22: =AVERAGE(C22:E22) -> 24.574762 | G22: =GAPDH!F22 -> 21.751257 | H22: =(F22-G22) -> 2.8235052 | I22: =(H22-$H$43) -> -1.5681065 | J22: =POWER(2,-I22) -> 2.9651528 | K22: =(J22/$J$43) -> 2.2442413
B23: C6 | D23: 23.798613 | E23: 23.340562 | F23: =AVERAGE(C23:E23) -> 23.569587 | G23: =GAPDH!F23 -> 21.227997 | H23: =(F23-G23) -> 2.3415902 | I23: =(H23-$H$43) -> -2.0500214 | J23: =POWER(2,-I23) -> 4.1411211 | K23: =(J23/$J$43) -> 3.1342988
B24: C7 | C24: 23.661154 | D24: 23.951847 | E24: 22.71769 | F24: =AVERAGE(C24:E24) -> 23.443563 | G24: =GAPDH!F24 -> 21.106136 | H24: =(F24-G24) -> 2.3374276 | I24: =(H24-$H$43) -> -2.054184 | J24: =POWER(2,-I24) -> 4.1530868 | K24: =(J24/$J$43) -> 3.1433553
A25: TDV19 | B25: C1 | C25: 23.071175 | D25: 23.081679 | F25: =AVERAGE(C25:E25) -> 23.076427 | G25: =GAPDH!F25 -> 19.217248 | H25: =(F25-G25) -> 3.8591792 | I25: =(H25-$H$43) -> -0.53243242 | J25: =POWER(2,-I25) -> 1.4463657 | K25: =(J25/$J$43) -> 1.0947138
B26: C2 | C26: 24.481052 | D26: 24.408893 | F26: =AVERAGE(C26:E26) -> 24.444972 | G26: =GAPDH!F26 -> 19.305577 | H26: =(F26-G26) -> 5.1393955 | I26: =(H26-$H$43) -> 0.7477839 | J26: =POWER(2,-I26) -> 0.59551762 | K26: =(J26/$J$43) -> 0.45073064
B27: C3 | C27: 24.655609 | D27: 24.540083 | F27: =AVERAGE(C27:E27) -> 24.597846 | G27: =GAPDH!F27 -> 20.327723 | H27: =(F27-G27) -> 4.2701227 | I27: =(H27-$H$43) -> -0.12148888 | J27: =POWER(2,-I27) -> 1.087857 | K27: =(J27/$J$43) -> 0.82336853
B28: C4 | C28: 24.489386 | D28: 24.139151 | F28: =AVERAGE(C28:E28) -> 24.314269 | G28: =GAPDH!F28 -> 22.923007 | H28: =(F28-G28) -> 1.3912616 | I28: =(H28-$H$43) -> -3.00035 | J28: =POWER(2,-I28) -> 8.001941 | K28: =(J28/$J$43) -> 6.0564455
B29: C5 | C29: 26.217572 | D29: 25.483503 | E29: 24.758974 | F29: =AVERAGE(C29:E29) -> 25.486683 | G29: =GAPDH!F29 -> 22.475025 | H29: =(F29-G29) -> 3.011658 | I29: =(H29-$H$43) -> -1.3799536 | J29: =POWER(2,-I29) -> 2.6026 | K29: =(J29/$J$43) -> 1.9698352
B30: C6 | C30: 24.271135 | D30: 23.34203 | E30: 22.721648 | F30: =AVERAGE(C30:E30) -> 23.444938 | G30: =GAPDH!F30 -> 21.140751 | H30: =(F30-G30) -> 2.304187 | I30: =(H30-$H$43) -> -2.0874246 | J30: =POWER(2,-I30) -> 4.2498874 | K30: =(J30/$J$43) -> 3.216621
B31: C7 | D31: 22.935445 | E31: 22.250509 | F31: =AVERAGE(C31:E31) -> 22.592977 | G31: =GAPDH!F31 -> 20.343776 | H31: =(F31-G31) -> 2.2492011 | I31: =(H31-$H$43) -> -2.1424105 | J31: =POWER(2,-I31) -> 4.414991 | K31: =(J31/$J$43) -> 3.3415833
B32: C8 | C32: 24.584994 | D32: 23.268179 | E32: 22.850235 | F32: =AVERAGE(C32:E32) -> 23.567803 | G32: =GAPDH!F32 -> 20.629438 | H32: =(F32-G32) -> 2.9383651 | I32: =(H32-$H$43) -> -1.4532465 | J32: =POWER(2,-I32) -> 2.7382354 | K32: =(J32/$J$43) -> 2.0724938
A33: IL-4/IL_13 | B33: C1 | C33: 25.034752 | D33: 25.218552 | F33: =AVERAGE(C33:E33) -> 25.126652 | G33: =GAPDH!F33 -> 18.736275 | H33: =(F33-G33) -> 6.3903775 | I33: =(H33-$H$43) -> 1.9987659 | J33: =POWER(2,-I33) -> 0.25021395 | K33: =(J33/$J$43) -> 0.18937994
B34: C2 | C34: 25.55044 | D34: 25.101076 | E34: 25.065742 | F34: =AVERAGE(C34:E34) -> 25.239086 | G34: =GAPDH!F34 -> 21.223504 | H34: =(F34-G34) -> 4.0155822 | I34: =(H34-$H$43) -> -0.37602946 | J34: =POWER(2,-I34) -> 1.2977653 | K34: =(J34/$J$43) -> 0.98224225
B35: C3 | C35: 26.498551 | D35: 25.915612 | E35: 24.599792 | F35: =AVERAGE(C35:E35) -> 25.671318 | G35: =GAPDH!F35 -> 20.156666 | H35: =(F35-G35) -> 5.5146521 | I35: =(H35-$H$43) -> 1.1230405 | J35: =POWER(2,-I35) -> 0.45912519 | K35: =(J35/$J$43) -> 0.34749902
B36: C4 | C36: 23.808079 | D36: 23.30344 | E36: 22.729078 | F36: =AVERAGE(C36:E36) -> 23.280199 | G36: =GAPDH!F36 -> 20.725416 | H36: =(F36-G36) -> 2.5547836 | I36: =(H36-$H$43) -> -1.836828 | J36: =POWER(2,-I36) -> 3.5722375 | K36: =(J36/$J$43) -> 2.7037267
B37: C6 | D37: 24.077454 | E37: 24.007552 | F37: =AVERAGE(C37:E37) -> 24.042503 | G37: =GAPDH!F37 -> 22.257374 | H37: =(F37-G37) -> 1.7851284 | I37: =(H37-$H$43) -> -2.6064832 | J37: =POWER(2,-I37) -> 6.090173 | K37: =(J37/$J$43) -> 4.6094817
B38: C7 | C38: 25.35991 | D38: 24.208637 | E38: 23.180697 | F38: =AVERAGE(C38:E38) -> 24.249748 | G38: =GAPDH!F38 -> 20.421691 | H38: =(F38-G38) -> 3.8280572 | I38: =(H38-$H$43) -> -0.56355448 | J38: =POWER(2,-I38) -> 1.477906 | K38: =(J38/$J$43) -> 1.1185857
G43: AV ∆Cq Control | H43: =AVERAGE(H2:H7) -> 4.3916116 | I43: AV 2^(∆∆Cq) Control | J43: =AVERAGE(J2:J7) -> 1.3212273

Sheet COX2
C1: Cp1 | D1: Cp2 | E1: Cp3 | F1: AVCp | G1: AVCp Housekeeping | H1: ∆Cq | I1: ∆∆Cq | J1: 2^(∆∆Cq) | K1: Fold change
A2: Control | B2: C1 | D2: 28.232813 | E2: 28.0773 | F2: =AVERAGE(C2:E2) -> 28.155056 | G2: =GAPDH!F2 -> 19.880113 | H2: =(F2-G2) -> 8.2749433 | I2: =(H2-$H$43) -> 1.9670099 | J2: =POWER(2,-I2) -> 0.25578261 | K2: =(J2/$J$43) -> 0.038342033
B3: C2 | C3: 19.992133 | D3: 19.979345 | E3: 19.999194 | F3: =AVERAGE(C3:E3) -> 19.990224 | G3: =GAPDH!F3 -> 18.890016 | H3: =(F3-G3) -> 1.1002083 | I3: =(H3-$H$43) -> -5.2077251 | J3: =POWER(2,-I3) -> 36.955703 | K3: =(J3/$J$43) -> 5.5396915
B4: C3 | C4: 27.103751 | D4: 26.978751 | E4: 26.65264 | F4: =AVERAGE(C4:E4) -> 26.911714 | G4: =GAPDH!F4 -> 20.952034 | H4: =(F4-G4) -> 5.9596798 | I4: =(H4-$H$43) -> -0.34825361 | J4: =POWER(2,-I4) -> 1.2730187 | K4: =(J4/$J$43) -> 0.19082659
B5: C4 | D5: 27.108504 | E5: 26.553824 | F5: =AVERAGE(C5:E5) -> 26.831164 | G5: =GAPDH!F5 -> 20.270044 | H5: =(F5-G5) -> 6.5611198 | I5: =(H5-$H$43) -> 0.25318645 | J5: =POWER(2,-I5) -> 0.8390412 | K5: =(J5/$J$43) -> 0.12577299
B6: C5 | C6: 28.40324 | D6: 27.676419 | F6: =AVERAGE(C6:E6) -> 28.039829 | G6: =GAPDH!F6 -> 20.754526 | H6: =(F6-G6) -> 7.2853036 | I6: =(H6-$H$43) -> 0.97737018 | J6: =POWER(2,-I6) -> 0.50790473 | K6: =(J6/$J$43) -> 0.076135355
B7: C6 | D7: 28.97978 | E7: 28.643732 | F7: =AVERAGE(C7:E7) -> 28.811756 | G7: =GAPDH!F7 -> 20.14541 | H7: =(F7-G7) -> 8.6663456 | I7: =(H7-$H$43) -> 2.3584122 | J7: =POWER(2,-I7) -> 0.19500565 | K7: =(J7/$J$43) -> 0.029231514
A8: LPS | B8: C1 | C8: 19.56534 | D8: 19.13231 | E8: 19.078274 | F8: =AVERAGE(C8:E8) -> 19.258641 | G8: =GAPDH!F8 -> 18.645834 | H8: =(F8-G8) -> 0.6128069 | I8: =(H8-$H$43) -> -5.6951265 | J8: =POWER(2,-I8) -> 51.808843 | K8: =(J8/$J$43) -> 7.76619
B9: C2 | C9: 19.202099 | D9: 19.231648 | F9: =AVERAGE(C9:E9) -> 19.216874 | G9: =GAPDH!F9 -> 20.08191 | H9: =(F9-G9) -> -0.86503601 | I9: =(H9-$H$43) -> -7.1729694 | J9: =POWER(2,-I9) -> 144.30419 | K9: =(J9/$J$43) -> 21.631322
B10: C3 | D10: 22.032233 | E10: 22.197576 | F10: =AVERAGE(C10:E10) -> 22.114904 | G10: =GAPDH!F10 -> 20.786736 | H10: =(F10-G10) -> 1.3281683 | I10: =(H10-$H$43) -> -4.979765 | J10: =POWER(2,-I10) -> 31.554307 | K10: =(J10/$J$43) -> 4.7300176
B11: C4 | D11: 22.088637 | E11: 22.130458 | F11: =AVERAGE(C11:E11) -> 22.109547 | G11: =GAPDH!F11 -> 20.060529 | H11: =(F11-G11) -> 2.0490188 | I11: =(H11-$H$43) -> -4.2589146 | J11: =POWER(2,-I11) -> 19.14525 | K11: =(J11/$J$43) -> 2.8698893
B12: C5 | D12: 23.336747 | E12: 23.050408 | F12: =AVERAGE(C12:E12) -> 23.193577 | G12: =GAPDH!F12 -> 21.238925 | H12: =(F12-G12) -> 1.9546525 | I12: =(H12-$H$43) -> -4.3532808 | J12: =POWER(2,-I12) -> 20.439398 | K12: =(J12/$J$43) -> 3.0638833
B13: C7 | D13: 21.99195 | E13: 21.69153 | F13: =AVERAGE(C13:E13) -> 21.84174 | G13: =GAPDH!F13 -> 20.442503 | H13: =(F13-G13) -> 1.3992374 | I13: =(H13-$H$43) -> -4.908696 | J13: =POWER(2,-I13) -> 30.037566 | K13: =(J13/$J$43) -> 4.5026569
A14: DEXA | B14: C1 | C14: 33.65319 | D14: 34.213555 | E14: 35.349747 | F14: =AVERAGE(C14:E14) -> 34.405497 | G14: =GAPDH!F14 -> 33.702316 | H14: =(F14-G14) -> 0.70318163 | I14: =(H14-$H$43) -> -5.6047517 | J14: =POWER(2,-I14) -> 48.662946 | K14: =(J14/$J$43) -> 7.2946173
B15: C2 | C15: 26.169032 | D15: 24.994573 | E15: 24.808106 | F15: =AVERAGE(C15:E15) -> 25.323904 | G15: =GAPDH!F15 -> 22.521666 | H15: =(F15-G15) -> 2.8022379 | I15: =(H15-$H$43) -> -3.5056955 | J15: =POWER(2,-I15) -> 11.358461 | K15: =(J15/$J$43) -> 1.7026431
B16: C3 | C16: 26.450545 | D16: 26.381719 | F16: =AVERAGE(C16:E16) -> 26.416132 | G16: =GAPDH!F16 -> 20.784666 | H16: =(F16-G16) -> 5.6314659 | I16: =(H16-$H$43) -> -0.67646746 | J16: =POWER(2,-I16) -> 1.5982216 | K16: =(J16/$J$43) -> 0.23957479
B17: C4 | D17: 27.692266 | E17: 26.005257 | F17: =AVERAGE(C17:E17) -> 26.848762 | G17: =GAPDH!F17 -> 21.597097 | H17: =(F17-G17) -> 5.2516649 | I17: =(H17-$H$43) -> -1.0562685 | J17: =POWER(2,-I17) -> 2.0795458 | K17: =(J17/$J$43) -> 0.3117257
B18: C6 | E18: 34.823375 | F18: =AVERAGE(C18:E18) -> 34.823375 | G18: =GAPDH!F18 -> 35.996444 | H18: =(F18-G18) -> -1.1730687 | I18: =(H18-$H$43) -> -7.481002 | J18: =POWER(2,-I18) -> 178.65123 | K18: =(J18/$J$43) -> 26.779973
A19: MCC950 | B19: C1 | C19: 21.245361 | D19: 20.658628 | E19: 19.726008 | F19: =AVERAGE(C19:E19) -> 20.543332 | G19: =GAPDH!F19 -> 18.892011 | H19: =(F19-G19) -> 1.6513212 | I19: =(H19-$H$43) -> -4.6566122 | J19: =POWER(2,-I19) -> 25.222025 | K19: =(J19/$J$43) -> 3.7808032
B20: C2 | C20: 25.878935 | D20: 25.451169 | F20: =AVERAGE(C20:E20) -> 25.665052 | G20: =GAPDH!F20 -> 20.564192 | H20: =(F20-G20) -> 5.1008603 | I20: =(H20-$H$43) -> -1.207073 | J20: =POWER(2,-I20) -> 2.3086877 | K20: =(J20/$J$43) -> 0.34607427
B21: C3 | C21: 24.185546 | D21: 23.338293 | E21: 22.757279 | F21: =AVERAGE(C21:E21) -> 23.427039 | G21: =GAPDH!F21 -> 21.228666 | H21: =(F21-G21) -> 2.1983734 | I21: =(H21-$H$43) -> -4.10956 | J21: =POWER(2,-I21) -> 17.262386 | K21: =(J21/$J$43) -> 2.5876464
B22: C5 | C22: 25.051066 | D22: 24.230907 | E22: 23.935866 | F22: =AVERAGE(C22:E22) -> 24.405947 | G22: =GAPDH!F22 -> 21.751257 | H22: =(F22-G22) -> 2.65469 | I22: =(H22-$H$43) -> -3.6532434 | J22: =POWER(2,-I22) -> 12.581599 | K22: =(J22/$J$43) -> 1.8859924
B23: C6 | C23: 20.513579 | D23: 19.724711 | E23: 18.859798 | F23: =AVERAGE(C23:E23) -> 19.699362 | G23: =GAPDH!F23 -> 21.227997 | H23: =(F23-G23) -> -1.5286349 | I23: =(H23-$H$43) -> -7.8365683 | J23: =POWER(2,-I23) -> 228.58205 | K23: =(J23/$J$43) -> 34.264645
B24: C7 | D24: 23.824131 | E24: 23.287631 | F24: =AVERAGE(C24:E24) -> 23.555881 | G24: =GAPDH!F24 -> 21.106136 | H24: =(F24-G24) -> 2.4497452 | I24: =(H24-$H$43) -> -3.8581882 | J24: =POWER(2,-I24) -> 14.502082 | K24: =(J24/$J$43) -> 2.1738746
A25: TDV19 | B25: C1 | D25: 19.767903 | E25: 19.515007 | F25: =AVERAGE(C25:E25) -> 19.641455 | G25: =GAPDH!F25 -> 19.217248 | H25: =(F25-G25) -> 0.42420649 | I25: =(H25-$H$43) -> -5.8837269 | J25: =POWER(2,-I25) -> 59.044341 | K25: =(J25/$J$43) -> 8.8507973
B26: C2 | C26: 19.886619 | D26: 19.094911 | E26: 18.549946 | F26: =AVERAGE(C26:E26) -> 19.177158 | G26: =GAPDH!F26 -> 19.305577 | H26: =(F26-G26) -> -0.12841877 | I26: =(H26-$H$43) -> -6.4363521 | J26: =POWER(2,-I26) -> 86.603423 | K26: =(J26/$J$43) -> 12.981927
B27: C3 | C27: 22.591323 | D27: 22.037969 | E27: 21.838424 | F27: =AVERAGE(C27:E27) -> 22.155905 | G27: =GAPDH!F27 -> 20.327723 | H27: =(F27-G27) -> 1.8281821 | I27: =(H27-$H$43) -> -4.4797512 | J27: =POWER(2,-I27) -> 22.312051 | K27: =(J27/$J$43) -> 3.3445956
B28: C4 | C28: 24.655707 | D28: 24.477984 | E28: 23.635872 | F28: =AVERAGE(C28:E28) -> 24.256521 | G28: =GAPDH!F28 -> 22.923007 | H28: =(F28-G28) -> 1.3335139 | I28: =(H28-$H$43) -> -4.9744195 | J28: =POWER(2,-I28) -> 31.437606 | K28: =(J28/$J$43) -> 4.7125241
B29: C5 | C29: 25.420364 | D29: 25.419187 | E29: 25.068128 | F29: =AVERAGE(C29:E29) -> 25.302559 | G29: =GAPDH!F29 -> 22.475025 | H29: =(F29-G29) -> 2.8275346 | I29: =(H29-$H$43) -> -3.4803988 | J29: =POWER(2,-I29) -> 11.161034 | K29: =(J29/$J$43) -> 1.6730486
B30: C6 | C30: 25.716385 | D30: 24.225715 | E30: 23.572725 | F30: =AVERAGE(C30:E30) -> 24.504942 | G30: =GAPDH!F30 -> 21.140751 | H30: =(F30-G30) -> 3.364191 | I30: =(H30-$H$43) -> -2.9437424 | J30: =POWER(2,-I30) -> 7.6940457 | K30: =(J30/$J$43) -> 1.1533441
B31: C7 | C31: 24.165333 | D31: 23.147136 | E31: 22.707546 | F31: =AVERAGE(C31:E31) -> 23.340005 | G31: =GAPDH!F31 -> 20.343776 | H31: =(F31-G31) -> 2.9962295 | I31: =(H31-$H$43) -> -3.3117039 | J31: =POWER(2,-I31) -> 9.9293818 | K31: =(J31/$J$43) -> 1.4884228
B32: C8 | D32: 23.639485 | E32: 22.205355 | F32: =AVERAGE(C32:E32) -> 22.92242 | G32: =GAPDH!F32 -> 20.629438 | H32: =(F32-G32) -> 2.2929825 | I32: =(H32-$H$43) -> -4.0149509 | J32: =POWER(2,-I32) -> 16.166673 | K32: =(J32/$J$43) -> 2.4233981
A33: IL-4/IL_13 | B33: C1 | D33: 27.438485 | E33: 27.554305 | F33: =AVERAGE(C33:E33) -> 27.496395 | G33: =GAPDH!F33 -> 18.736275 | H33: =(F33-G33) -> 8.7601203 | I33: =(H33-$H$43) -> 2.452187 | J33: =POWER(2,-I33) -> 0.1827335 | K33: =(J33/$J$43) -> 0.027391908
B34: C2 | D34: 27.472038 | E34: 27.099653 | F34: =AVERAGE(C34:E34) -> 27.285845 | G34: =GAPDH!F34 -> 21.223504 | H34: =(F34-G34) -> 6.062341 | I34: =(H34-$H$43) -> -0.24559233 | J34: =POWER(2,-I34) -> 1.1855794 | K34: =(J34/$J$43) -> 0.17771937
B35: C3 | C35: 28.478347 | D35: 28.465534 | E35: 28.304742 | F35: =AVERAGE(C35:E35) -> 28.416208 | G35: =GAPDH!F35 -> 20.156666 | H35: =(F35-G35) -> 8.2595414 | I35: =(H35-$H$43) -> 1.951608 | J35: =POWER(2,-I35) -> 0.25852791 | K35: =(J35/$J$43) -> 0.038753556
B36: C4 | D36: 23.359382 | E36: 23.263699 | F36: =AVERAGE(C36:E36) -> 23.31154 | G36: =GAPDH!F36 -> 20.725416 | H36: =(F36-G36) -> 2.5861247 | I36: =(H36-$H$43) -> -3.7218086 | J36: =POWER(2,-I36) -> 13.193987 | K36: =(J36/$J$43) -> 1.9777899
B37: C6 | D37: 26.690392 | E37: 26.513511 | F37: =AVERAGE(C37:E37) -> 26.601951 | G37: =GAPDH!F37 -> 22.257374 | H37: =(F37-G37) -> 4.3445771 | I37: =(H37-$H$43) -> -1.9633563 | J37: =POWER(2,-I37) -> 3.8996815 | K37: =(J37/$J$43) -> 0.58456559
B38: C7 | D38: 27.13238 | E38: 26.480587 | F38: =AVERAGE(C38:E38) -> 26.806483 | G38: =GAPDH!F38 -> 20.421691 | H38: =(F38-G38) -> 6.3847925 | I38: =(H38-$H$43) -> 0.076859179 | J38: =POWER(2,-I38) -> 0.94811951 | K38: =(J38/$J$43) -> 0.14212393
G43: AV ∆Cq Control | H43: =AVERAGE(H2:H7) -> 6.3079334 | I43: AV 2^(∆∆Cq) Control | J43: =AVERAGE(J2:J7) -> 6.6710759

Sheet DUSP1
C1: Cp1 | D1: Cp2 | E1: Cp3 | F1: AVCp | G1: AVCp Housekeeping | H1: ∆Cq | I1: ∆∆Cq | J1: 2^(∆∆Cq) | K1: Fold change
A2: Control | B2: C1 | D2: 26.928829 | E2: 26.734909 | F2: =AVERAGE(C2:E2) -> 26.831869 | G2: =GAPDH!F2 -> 19.880113 | H2: =(F2-G2) -> 6.9517561 | I2: =(H2-$H$43) -> 1.0012455 | J2: =POWER(2,-I2) -> 0.49956854 | K2: =(J2/$J$43) -> 0.43837514
B3: C2 | D3: 25.629188 | E3: 25.738554 | F3: =AVERAGE(C3:E3) -> 25.683871 | G3: =GAPDH!F3 -> 18.890016 | H3: =(F3-G3) -> 6.793855 | I3: =(H3-$H$43) -> 0.84334439 | J3: =POWER(2,-I3) -> 0.55735005 | K3: =(J3/$J$43) -> 0.48907884
B4: C3 | C4: 27.252806 | D4: 25.703739 | E4: 26.296284 | F4: =AVERAGE(C4:E4) -> 26.417609 | G4: =GAPDH!F4 -> 20.952034 | H4: =(F4-G4) -> 5.4655754 | I4: =(H4-$H$43) -> -0.4849352 | J4: =POWER(2,-I4) -> 1.399523 | K4: =(J4/$J$43) -> 1.2280919
B5: C4 | C5: 25.726225 | D5: 25.371162 | F5: =AVERAGE(C5:E5) -> 25.548694 | G5: =GAPDH!F5 -> 20.270044 | H5: =(F5-G5) -> 5.2786493 | I5: =(H5-$H$43) -> -0.67186131 | J5: =POWER(2,-I5) -> 1.593127 | K5: =(J5/$J$43) -> 1.3979809
B6: C5 | D6: 26.932472 | E6: 27.059171 | F6: =AVERAGE(C6:E6) -> 26.995821 | G6: =GAPDH!F6 -> 20.754526 | H6: =(F6-G6) -> 6.2412956 | I6: =(H6-$H$43) -> 0.29078494 | J6: =POWER(2,-I6) -> 0.81745717 | K6: =(J6/$J$43) -> 0.7173248
B7: C6 | D7: 25.178653 | E7: 25.056032 | F7: =AVERAGE(C7:E7) -> 25.117343 | G7: =GAPDH!F7 -> 20.14541 | H7: =(F7-G7) -> 4.9719323 | I7: =(H7-$H$43) -> -0.9785783 | J7: =POWER(2,-I7) -> 1.9705226 | K7: =(J7/$J$43) -> 1.7291484
A8: LPS | B8: C1 | C8: 21.124364 | D8: 20.978006 | E8: 20.664754 | F8: =AVERAGE(C8:E8) -> 20.922375 | G8: =GAPDH!F8 -> 18.645834 | H8: =(F8-G8) -> 2.2765407 | I8: =(H8-$H$43) -> -3.67397 | J8: =POWER(2,-I8) -> 12.763658 | K8: =(J8/$J$43) -> 11.200206
B9: C2 | D9: 22.430165 | E9: 22.468892 | F9: =AVERAGE(C9:E9) -> 22.449529 | G9: =GAPDH!F9 -> 20.08191 | H9: =(F9-G9) -> 2.3676189 | I9: =(H9-$H$43) -> -3.5828917 | J9: =POWER(2,-I9) -> 11.982788 | K9: =(J9/$J$43) -> 10.514987
B10: C3 | D10: 21.684631 | E10: 21.479649 | F10: =AVERAGE(C10:E10) -> 21.58214 | G10: =GAPDH!F10 -> 20.786736 | H10: =(F10-G10) -> 0.79540416 | I10: =(H10-$H$43) -> -5.1551065 | J10: =POWER(2,-I10) -> 35.632121 | K10: =(J10/$J$43) -> 31.267454
B11: C4 | D11: 21.786985 | E11: 21.142876 | F11: =AVERAGE(C11:E11) -> 21.46493 | G11: =GAPDH!F11 -> 20.060529 | H11: =(F11-G11) -> 1.4044014 | I11: =(H11-$H$43) -> -4.5461092 | J11: =POWER(2,-I11) -> 23.362281 | K11: =(J11/$J$43) -> 20.500577
B12: C5 | C12: 22.112268 | D12: 21.034639 | E12: 20.525481 | F12: =AVERAGE(C12:E12) -> 21.224129 | G12: =GAPDH!F12 -> 21.238925 | H12: =(F12-G12) -> -0.01479531 | I12: =(H12-$H$43) -> -5.9653059 | J12: =POWER(2,-I12) -> 62.479281 | K12: =(J12/$J$43) -> 54.826038
B13: C7 | C13: 23.963376 | D13: 23.879795 | E13: 23.198828 | F13: =AVERAGE(C13:E13) -> 23.680666 | G13: =GAPDH!F13 -> 20.442503 | H13: =(F13-G13) -> 3.2381634 | I13: =(H13-$H$43) -> -2.7123472 | J13: =POWER(2,-I13) -> 6.5538708 | K13: =(J13/$J$43) -> 5.7510708
A14: DEXA | B14: C1 | C14: 28.508526 | D14: 28.153131 | F14: =AVERAGE(C14:E14) -> 28.330828 | G14: =GAPDH!F14 -> 33.702316 | H14: =(F14-G14) -> -5.3714875 | I14: =(H14-$H$43) -> -11.321998 | J14: =POWER(2,-I14) -> 2560.1242 | K14: =(J14/$J$43) -> 2246.5282
B15: C2 | C15: 22.479864 | D15: 22.299678 | E15: 22.054005 | F15: =AVERAGE(C15:E15) -> 22.277849 | G15: =GAPDH!F15 -> 22.521666 | H15: =(F15-G15) -> -0.24381677 | I15: =(H15-$H$43) -> -6.1943274 | J15: =POWER(2,-I15) -> 73.228199 | K15: =(J15/$J$43) -> 64.258293
B16: C3 | D16: 20.652827 | E16: 20.645401 | F16: =AVERAGE(C16:E16) -> 20.649114 | G16: =GAPDH!F16 -> 20.784666 | H16: =(F16-G16) -> -0.13555284 | I16: =(H16-$H$43) -> -6.0860635 | J16: =POWER(2,-I16) -> 67.934074 | K16: =(J16/$J$43) -> 59.612659
B17: C4 | C17: 21.793094 | D17: 20.555693 | E17: 19.992971 | F17: =AVERAGE(C17:E17) -> 20.780586 | G17: =GAPDH!F17 -> 21.597097 | H17: =(F17-G17) -> -0.81651055 | I17: =(H17-$H$43) -> -6.7670212 | J17: =POWER(2,-I17) -> 108.91216 | K17: =(J17/$J$43) -> 95.571234
B18: C6 | C18: 35.733238 | D18: 34.191951 | E18: 33.572715 | F18: =AVERAGE(C18:E18) -> 34.499301 | G18: =GAPDH!F18 -> 35.996444 | H18: =(F18-G18) -> -1.4971427 | I18: =(H18-$H$43) -> -7.4476533 | J18: =POWER(2,-I18) -> 174.56897 | K18: =(J18/$J$43) -> 153.18558
A19: MCC950 | B19: C1 | D19: 20.887737 | E19: 20.688021 | F19: =AVERAGE(C19:E19) -> 20.787879 | G19: =GAPDH!F19 -> 18.892011 | H19: =(F19-G19) -> 1.8958682 | I19: =(H19-$H$43) -> -4.0546425 | J19: =POWER(2,-I19) -> 16.617627 | K19: =(J19/$J$43) -> 14.582092
B20: C2 | C20: 21.235392 | D20: 21.167906 | E20: 21.159143 | F20: =AVERAGE(C20:E20) -> 21.18748 | G20: =GAPDH!F20 -> 20.564192 | H20: =(F20-G20) -> 0.62328822 | I20: =(H20-$H$43) -> -5.3272224 | J20: =POWER(2,-I20) -> 40.147059 | K20: =(J20/$J$43) -> 35.229346
B21: C3 | D21: 21.747231 | E21: 21.62511 | F21: =AVERAGE(C21:E21) -> 21.68617 | G21: =GAPDH!F21 -> 21.228666 | H21: =(F21-G21) -> 0.45750417 | I21: =(H21-$H$43) -> -5.4930065 | J21: =POWER(2,-I21) -> 45.03599 | K21: =(J21/$J$43) -> 39.519419
B22: C5 | D22: 21.779806 | E22: 21.519746 | F22: =AVERAGE(C22:E22) -> 21.649776 | G22: =GAPDH!F22 -> 21.751257 | H22: =(F22-G22) -> -0.10148058 | I22: =(H22-$H$43) -> -6.0519912 | J22: =POWER(2,-I22) -> 66.348466 | K22: =(J22/$J$43) -> 58.221277
B23: C6 | C23: 23.56215 | D23: 22.406568 | E23: 21.992644 | F23: =AVERAGE(C23:E23) -> 22.653787 | G23: =GAPDH!F23 -> 21.227997 | H23: =(F23-G23) -> 1.4257899 | I23: =(H23-$H$43) -> -4.5247207 | J23: =POWER(2,-I23) -> 23.01848 | K23: =(J23/$J$43) -> 20.198889
B24: C7 | C24: 24.713832 | D24: 23.125472 | E24: 24.086517 | F24: =AVERAGE(C24:E24) -> 23.975274 | G24: =GAPDH!F24 -> 21.106136 | H24: =(F24-G24) -> 2.8691378 | I24: =(H24-$H$43) -> -3.0813729 | J24: =POWER(2,-I24) -> 8.4641951 | K24: =(J24/$J$43) -> 7.4273946
A25: TDV19 | B25: C1 | C25: 20.936853 | D25: 20.478359 | E25: 20.493823 | F25: =AVERAGE(C25:E25) -> 20.636345 | G25: =GAPDH!F25 -> 19.217248 | H25: =(F25-G25) -> 1.4190965 | I25: =(H25-$H$43) -> -4.5314141 | J25: =POWER(2,-I25) -> 23.125524 | K25: =(J25/$J$43) -> 20.292821
B26: C2 | C26: 21.725128 | D26: 21.186866 | E26: 21.412725 | F26: =AVERAGE(C26:E26) -> 21.441573 | G26: =GAPDH!F26 -> 19.305577 | H26: =(F26-G26) -> 2.1359961 | I26: =(H26-$H$43) -> -3.8145146 | J26: =POWER(2,-I26) -> 14.06965 | K26: =(J26/$J$43) -> 12.346224
B27: C3 | C27: 22.269862 | D27: 21.495474 | E27: 21.615063 | F27: =AVERAGE(C27:E27) -> 21.793466 | G27: =GAPDH!F27 -> 20.327723 | H27: =(F27-G27) -> 1.4657432 | I27: =(H27-$H$43) -> -4.4847674 | J27: =POWER(2,-I27) -> 22.389764 | K27: =(J27/$J$43) -> 19.647185
B28: C4 | C28: 23.107418 | D28: 23.54034 | F28: =AVERAGE(C28:E28) -> 23.323879 | G28: =GAPDH!F28 -> 22.923007 | H28: =(F28-G28) -> 0.40087199 | I28: =(H28-$H$43) -> -5.5496386 | J28: =POWER(2,-I28) -> 46.839009 | K28: =(J28/$J$43) -> 41.101582
B29: C5 | D29: 22.677292 | E29: 22.410647 | F29: =AVERAGE(C29:E29) -> 22.54397 | G29: =GAPDH!F29 -> 22.475025 | H29: =(F29-G29) -> 0.068944936 | I29: =(H29-$H$43) -> -5.8815657 | J29: =POWER(2,-I29) -> 58.955957 | K29: =(J29/$J$43) -> 51.734295
B30: C6 | C30: 22.080594 | E30: 22.343586 | F30: =AVERAGE(C30:E30) -> 22.21209 | G30: =GAPDH!F30 -> 21.140751 | H30: =(F30-G30) -> 1.0713391 | I30: =(H30-$H$43) -> -4.8791716 | J30: =POWER(2,-I30) -> 29.429101 | K30: =(J30/$J$43) -> 25.824257
B31: C7 | C31: 24.119649 | D31: 24.061678 | F31: =AVERAGE(C31:E31) -> 24.090663 | G31: =GAPDH!F31 -> 20.343776 | H31: =(F31-G31) -> 3.7468879 | I31: =(H31-$H$43) -> -2.2036227 | J31: =POWER(2,-I31) -> 4.6063458 | K31: =(J31/$J$43) -> 4.042103
B32: C8 | C32: 23.718249 | D32: 23.296642 | F32: =AVERAGE(C32:E32) -> 23.507446 | G32: =GAPDH!F32 -> 20.629438 | H32: =(F32-G32) -> 2.8780078 | I32: =(H32-$H$43) -> -3.0725028 | J32: =POWER(2,-I32) -> 8.4123145 | K32: =(J32/$J$43) -> 7.3818691
A33: IL-4/IL_13 | B33: C1 | C33: 27.304921 | D33: 26.552724 | E33: 27.007624 | F33: =AVERAGE(C33:E33) -> 26.95509 | G33: =GAPDH!F33 -> 18.736275 | H33: =(F33-G33) -> 8.2188152 | I33: =(H33-$H$43) -> 2.2683046 | J33: =POWER(2,-I33) -> 0.20757368 | K33: =(J33/$J$43) -> 0.18214746
B34: C2 | C34: 27.385348 | D34: 27.922789 | E34: 26.580662 | F34: =AVERAGE(C34:E34) -> 27.296266 | G34: =GAPDH!F34 -> 21.223504 | H34: =(F34-G34) -> 6.0727623 | I34: =(H34-$H$43) -> 0.12225166 | J34: =POWER(2,-I34) -> 0.9187526 | K34: =(J34/$J$43) -> 0.8062123
B35: C3 | C35: 27.503054 | D35: 26.025134 | E35: 26.574649 | F35: =AVERAGE(C35:E35) -> 26.700946 | G35: =GAPDH!F35 -> 20.156666 | H35: =(F35-G35) -> 6.5442794 | I35: =(H35-$H$43) -> 0.59376877 | J35: =POWER(2,-I35) -> 0.6626097 | K35: =(J35/$J$43) -> 0.58144498
B36: C4 | D36: 22.159726 | E36: 22.107943 | F36: =AVERAGE(C36:E36) -> 22.133834 | G36: =GAPDH!F36 -> 20.725416 | H36: =(F36-G36) -> 1.4084187 | I36: =(H36-$H$43) -> -4.542092 | J36: =POWER(2,-I36) -> 23.297318 | K36: =(J36/$J$43) -> 20.443571
B37: C6 | C37: 22.673143 | D37: 22.032937 | E37: 22.351038 | F37: =AVERAGE(C37:E37) -> 22.352373 | G37: =GAPDH!F37 -> 22.257374 | H37: =(F37-G37) -> 0.094998618 | I37: =(H37-$H$43) -> -5.855512 | J37: =POWER(2,-I37) -> 57.900826 | K37: =(J37/$J$43) -> 50.808409
B38: C7 | D38: 23.710416 | E38: 23.596338 | F38: =AVERAGE(C38:E38) -> 23.653377 | G38: =GAPDH!F38 -> 20.421691 | H38: =(F38-G38) -> 3.2316864 | I38: =(H38-$H$43) -> -2.7188242 | J38: =POWER(2,-I38) -> 6.5833605 | K38: =(J38/$J$43) -> 5.7769482
G43: AV ∆Cq Control | H43: =AVERAGE(H2:H7) -> 5.9505106 | I43: AV 2^(∆∆Cq) Control | J43: =AVERAGE(J2:J7) -> 1.1395914

Sheet TNF
C1: Cp1 | D1: Cp2 | E1: Cp3 | F1: AVCp | G1: AVCp Housekeeping | H1: ∆Cq | I1: ∆∆Cq | J1: 2^(∆∆Cq) | K1: Fold change
A2: Control | B2: C1 | C2: 26.78661 | D2: 26.653438 | E2: 26.162688 | F2: =AVERAGE(C2:E2) -> 26.534245 | G2: =GAPDH!F2 -> 19.880113 | H2: =(F2-G2) -> 6.6541321 | I2: =(H2-$H$43) -> 1.7324818 | J2: =POWER(2,-I2) -> 0.30093382 | K2: =(J2/$J$43) -> 0.20846462
B3: C2 | D3: 25.425255 | E3: 25.474767 | F3: =AVERAGE(C3:E3) -> 25.450011 | G3: =GAPDH!F3 -> 18.890016 | H3: =(F3-G3) -> 6.5599951 | I3: =(H3-$H$43) -> 1.6383448 | J3: =POWER(2,-I3) -> 0.32122479 | K3: =(J3/$J$43) -> 0.2225207
B4: C3 | C4: 25.502973 | D4: 25.110972 | E4: 24.906997 | F4: =AVERAGE(C4:E4) -> 25.173647 | G4: =GAPDH!F4 -> 20.952034 | H4: =(F4-G4) -> 4.2216135 | I4: =(H4-$H$43) -> -0.70003678 | J4: =POWER(2,-I4) -> 1.6245462 | K4: =(J4/$J$43) -> 1.1253651
B5: C4 | C5: 26.06123 | D5: 25.358931 | E5: 24.706627 | F5: =AVERAGE(C5:E5) -> 25.375596 | G5: =GAPDH!F5 -> 20.270044 | H5: =(F5-G5) -> 5.1055516 | I5: =(H5-$H$43) -> 0.1839014 | J5: =POWER(2,-I5) -> 0.88031918 | K5: =(J5/$J$43) -> 0.60981981
B6: C5 | C6: 25.826244 | D6: 23.729759 | E6: 24.228306 | F6: =AVERAGE(C6:E6) -> 24.594769 | G6: =GAPDH!F6 -> 20.754526 | H6: =(F6-G6) -> 3.8402437 | I6: =(H6-$H$43) -> -1.0814065 | J6: =POWER(2,-I6) -> 2.1160981 | K6: =(J6/$J$43) -> 1.4658758
B7: C6 | C7: 23.284951 | D7: 23.302601 | F7: =AVERAGE(C7:E7) -> 23.293776 | G7: =GAPDH!F7 -> 20.14541 | H7: =(F7-G7) -> 3.1483655 | I7: =(H7-$H$43) -> -1.7732848 | J7: =POWER(2,-I7) -> 3.4183136 | K7: =(J7/$J$43) -> 2.367954
A8: LPS | B8: C1 | C8: 19.257298 | D8: 19.349951 | E8: 19.130285 | F8: =AVERAGE(C8:E8) -> 19.245845 | G8: =GAPDH!F8 -> 18.645834 | H8: =(F8-G8) -> 0.60001056 | I8: =(H8-$H$43) -> -4.3216397 | J8: =POWER(2,-I8) -> 19.996002 | K8: =(J8/$J$43) -> 13.851746
B9: C2 | D9: 20.849106 | E9: 20.385998 | F9: =AVERAGE(C9:E9) -> 20.617552 | G9: =GAPDH!F9 -> 20.08191 | H9: =(F9-G9) -> 0.53564233 | I9: =(H9-$H$43) -> -4.3860079 | J9: =POWER(2,-I9) -> 20.908359 | K9: =(J9/$J$43) -> 14.483759
B10: C3 | D10: 19.65795 | E10: 19.975266 | F10: =AVERAGE(C10:E10) -> 19.816608 | G10: =GAPDH!F10 -> 20.786736 | H10: =(F10-G10) -> -0.97012781 | I10: =(H10-$H$43) -> -5.891778 | J10: =POWER(2,-I10) -> 59.374767 | K10: =(J10/$J$43) -> 41.130433
B11: C4 | C11: 21.783962 | D11: 21.347639 | F11: =AVERAGE(C11:E11) -> 21.5658 | G11: =GAPDH!F11 -> 20.060529 | H11: =(F11-G11) -> 1.5052716 | I11: =(H11-$H$43) -> -3.4163786 | J11: =POWER(2,-I11) -> 10.676587 | K11: =(J11/$J$43) -> 7.3959473
B12: C5 | C12: 22.040623 | D12: 20.232153 | E12: 19.384426 | F12: =AVERAGE(C12:E12) -> 20.552401 | G12: =GAPDH!F12 -> 21.238925 | H12: =(F12-G12) -> -0.68652418 | I12: =(H12-$H$43) -> -5.6081744 | J12: =POWER(2,-I12) -> 48.778531 | K12: =(J12/$J$43) -> 33.790147
B13: C7 | C13: 21.988803 | D13: 21.430981 | E13: 20.651737 | F13: =AVERAGE(C13:E13) -> 21.357173 | G13: =GAPDH!F13 -> 20.442503 | H13: =(F13-G13) -> 0.91467064 | I13: =(H13-$H$43) -> -4.0069796 | J13: =POWER(2,-I13) -> 16.077594 | K13: =(J13/$J$43) -> 11.137364
A14: DEXA | B14: C1 | C14: 34.871395 | D14: 35.553816 | E14: 36.048989 | F14: =AVERAGE(C14:E14) -> 35.4914 | G14: =GAPDH!F14 -> 33.702316 | H14: =(F14-G14) -> 1.7890844 | I14: =(H14-$H$43) -> -3.1325658 | J14: =POWER(2,-I14) -> 8.7699329 | K14: =(J14/$J$43) -> 6.0751588
B15: C2 | C15: 25.80383 | D15: 25.14129 | E15: 25.214596 | F15: =AVERAGE(C15:E15) -> 25.386572 | G15: =GAPDH!F15 -> 22.521666 | H15: =(F15-G15) -> 2.8649064 | I15: =(H15-$H$43) -> -2.0567438 | J15: =POWER(2,-I15) -> 4.1604622 | K15: =(J15/$J$43) -> 2.8820595
B16: C3 | C16: 22.044923 | D16: 22.134893 | E16: 21.749676 | F16: =AVERAGE(C16:E16) -> 21.976498 | G16: =GAPDH!F16 -> 20.784666 | H16: =(F16-G16) -> 1.1918311 | I16: =(H16-$H$43) -> -3.7298191 | J16: =POWER(2,-I16) -> 13.267449 | K16: =(J16/$J$43) -> 9.1907041
B17: C4 | C17: 21.825716 | D17: 20.953851 | E17: 20.16182 | F17: =AVERAGE(C17:E17) -> 20.980462 | G17: =GAPDH!F17 -> 21.597097 | H17: =(F17-G17) -> -0.61663444 | I17: =(H17-$H$43) -> -5.5382847 | J17: =POWER(2,-I17) -> 46.471834 | K17: =(J17/$J$43) -> 32.192238
B18: C6 | C18: 35.250526 | F18: =AVERAGE(C18:E18) -> 35.250526 | G18: =GAPDH!F18 -> 35.996444 | H18: =(F18-G18) -> -0.74591754 | I18: =(H18-$H$43) -> -5.6675678 | J18: =POWER(2,-I18) -> 50.828571 | K18: =(J18/$J$43) -> 35.210263
A19: MCC950 | B19: C1 | D19: 19.584289 | E19: 19.271167 | F19: =AVERAGE(C19:E19) -> 19.427728 | G19: =GAPDH!F19 -> 18.892011 | H19: =(F19-G19) -> 0.53571695 | I19: =(H19-$H$43) -> -4.3859333 | J19: =POWER(2,-I19) -> 20.907277 | K19: =(J19/$J$43) -> 14.48301
B20: C2 | D20: 19.682935 | E20: 19.38 | F20: =AVERAGE(C20:E20) -> 19.531467 | G20: =GAPDH!F20 -> 20.564192 | H20: =(F20-G20) -> -1.0327245 | I20: =(H20-$H$43) -> -5.9543748 | J20: =POWER(2,-I20) -> 62.00767 | K20: =(J20/$J$43) -> 42.954313
B21: C3 | C21: 20.618967 | D21: 20.373551 | E21: 20.015563 | F21: =AVERAGE(C21:E21) -> 20.336027 | G21: =GAPDH!F21 -> 21.228666 | H21: =(F21-G21) -> -0.89263905 | I21: =(H21-$H$43) -> -5.8142893 | J21: =POWER(2,-I21) -> 56.269814 | K21: =(J21/$J$43) -> 38.979552
B22: C5 | C22: 22.085892 | D22: 21.04452 | E22: 20.473366 | F22: =AVERAGE(C22:E22) -> 21.201259 | G22: =GAPDH!F22 -> 21.751257 | H22: =(F22-G22) -> -0.54999745 | I22: =(H22-$H$43) -> -5.4716477 | J22: =POWER(2,-I22) -> 44.374153 | K22: =(J22/$J$43) -> 30.739121
B23: C6 | D23: 22.513597 | E23: 21.244413 | F23: =AVERAGE(C23:E23) -> 21.879005 | G23: =GAPDH!F23 -> 21.227997 | H23: =(F23-G23) -> 0.65100794 | I23: =(H23-$H$43) -> -4.2706423 | J23: =POWER(2,-I23) -> 19.301516 | K23: =(J23/$J$43) -> 13.370658
B24: C7 | D24: 21.47227 | E24: 21.260479 | F24: =AVERAGE(C24:E24) -> 21.366375 | G24: =GAPDH!F24 -> 21.106136 | H24: =(F24-G24) -> 0.26023869 | I24: =(H24-$H$43) -> -4.6614115 | J24: =POWER(2,-I24) -> 25.30607 | K24: =(J24/$J$43) -> 17.530167
A25: TDV19 | B25: C1 | C25: 19.36915 | D25: 19.423443 | E25: 19.288421 | F25: =AVERAGE(C25:E25) -> 19.360338 | G25: =GAPDH!F25 -> 19.217248 | H25: =(F25-G25) -> 0.14308985 | I25: =(H25-$H$43) -> -4.7785604 | J25: =POWER(2,-I25) -> 27.446692 | K25: =(J25/$J$43) -> 19.013032
B26: C2 | C26: 20.472453 | D26: 20.399359 | F26: =AVERAGE(C26:E26) -> 20.435906 | G26: =GAPDH!F26 -> 19.305577 | H26: =(F26-G26) -> 1.1303289 | I26: =(H26-$H$43) -> -3.7913214 | J26: =POWER(2,-I26) -> 13.845271 | K26: =(J26/$J$43) -> 9.5909763
B27: C3 | C27: 20.323681 | D27: 19.833345 | E27: 19.161968 | F27: =AVERAGE(C27:E27) -> 19.772998 | G27: =GAPDH!F27 -> 20.327723 | H27: =(F27-G27) -> -0.55472494 | I27: =(H27-$H$43) -> -5.4763752 | J27: =POWER(2,-I27) -> 44.519799 | K27: =(J27/$J$43) -> 30.840013
B28: C4 | C28: 23.543181 | D28: 22.41812 | E28: 21.335455 | F28: =AVERAGE(C28:E28) -> 22.432252 | G28: =GAPDH!F28 -> 22.923007 | H28: =(F28-G28) -> -0.49075528 | I28: =(H28-$H$43) -> -5.4124055 | J28: =POWER(2,-I28) -> 42.588899 | K28: =(J28/$J$43) -> 29.502429
B29: C5 | D29: 21.552215 | E29: 21.311475 | F29: =AVERAGE(C29:E29) -> 21.431845 | G29: =GAPDH!F29 -> 22.475025 | H29: =(F29-G29) -> -1.0431796 | I29: =(H29-$H$43) -> -5.9648299 | J29: =POWER(2,-I29) -> 62.458667 | K29: =(J29/$J$43) -> 43.26673
B30: C6 | C30: 20.268066 | D30: 20.138811 | F30: =AVERAGE(C30:E30) -> 20.203439 | G30: =GAPDH!F30 -> 21.140751 | H30: =(F30-G30) -> -0.93731194 | I30: =(H30-$H$43) -> -5.8589622 | J30: =POWER(2,-I30) -> 58.03946 | K30: =(J30/$J$43) -> 40.205431
B31: C7 | D31: 20.560789 | E31: 20.31712 | F31: =AVERAGE(C31:E31) -> 20.438955 | G31: =GAPDH!F31 -> 20.343776 | H31: =(F31-G31) -> 0.095179436 | I31: =(H31-$H$43) -> -4.8264708 | J31: =POWER(2,-I31) -> 28.373472 | K31: =(J31/$J$43) -> 19.655036
B32: C8 | C32: 23.02485 | D32: 21.805617 | E32: 20.962131 | F32: =AVERAGE(C32:E32) -> 21.930866 | G32: =GAPDH!F32 -> 20.629438 | H32: =(F32-G32) -> 1.3014285 | I32: =(H32-$H$43) -> -3.6202218 | J32: =POWER(2,-I32) -> 12.296892 | K32: =(J32/$J$43) -> 8.5183741
A33: IL-4/IL_13 | B33: C1 | C33: 27.025741 | D33: 26.373484 | E33: 26.234422 | F33: =AVERAGE(C33:E33) -> 26.544549 | G33: =GAPDH!F33 -> 18.736275 | H33: =(F33-G33) -> 7.8082743 | I33: =(H33-$H$43) -> 2.8866241 | J33: =POWER(2,-I33) -> 0.13521957 | K33: =(J33/$J$43) -> 0.093670087
B34: C2 | C34: 27.596515 | D34: 27.392044 | E34: 27.317911 | F34: =AVERAGE(C34:E34) -> 27.43549 | G34: =GAPDH!F34 -> 21.223504 | H34: =(F34-G34) -> 6.2119857 | I34: =(H34-$H$43) -> 1.2903354 | J34: =POWER(2,-I34) -> 0.40885595 | K34: =(J34/$J$43) -> 0.28322507
B35: C3 | C35: 27.158324 | D35: 26.702469 | E35: 25.870497 | F35: =AVERAGE(C35:E35) -> 26.577097 | G35: =GAPDH!F35 -> 20.156666 | H35: =(F35-G35) -> 6.4204306 | I35: =(H35-$H$43) -> 1.4987804 | J35: =POWER(2,-I35) -> 0.3538524 | K35: =(J35/$J$43) -> 0.24512269
B36: C4 | D36: 22.713155 | E36: 22.31485 | F36: =AVERAGE(C36:E36) -> 22.514002 | G36: =GAPDH!F36 -> 20.725416 | H36: =(F36-G36) -> 1.7885865 | I36: =(H36-$H$43) -> -3.1330637 | J36: =POWER(2,-I36) -> 8.77296 | K36: =(J36/$J$43) -> 6.0772557
B37: C6 | C37: 23.543375 | D37: 24.102343 | E37: 22.974984 | F37: =AVERAGE(C37:E37) -> 23.540234 | G37: =GAPDH!F37 -> 22.257374 | H37: =(F37-G37) -> 1.2828597 | I37: =(H37-$H$43) -> -3.6387905 | J37: =POWER(2,-I37) -> 12.456186 | K37: =(J37/$J$43) -> 8.6287217
B38: C7 | C38: 26.692477 | D38: 26.182834 | E38: 25.31073 | F38: =AVERAGE(C38:E38) -> 26.062013 | G38: =GAPDH!F38 -> 20.421691 | H38: =(F38-G38) -> 5.6403225 | I38: =(H38-$H$43) -> 0.71867224 | J38: =POWER(2,-I38) -> 0.60765643 | K38: =(J38/$J$43) -> 0.42093929
G43: AV ∆Cq Control | H43: =AVERAGE(H2:H7) -> 4.9216502 | I43: AV 2^(∆∆Cq) Control | J43: =AVERAGE(J2:J7) -> 1.4435726
